{
  "Dashboard API(HTTP Request)" : {
    "transaction" : "Dashboard API(HTTP Request)",
    "sampleCount" : 1,
    "errorCount" : 0,
    "errorPct" : 0.0,
    "meanResTime" : 182.0,
    "medianResTime" : 182.0,
    "minResTime" : 182.0,
    "maxResTime" : 182.0,
    "pct1ResTime" : 182.0,
    "pct2ResTime" : 182.0,
    "pct3ResTime" : 182.0,
    "throughput" : 5.4945054945054945,
    "receivedKBytesPerSec" : 30.391483516483518,
    "sentKBytesPerSec" : 1.2716775412087913
  },
  "Login API(HTTP Request)" : {
    "transaction" : "Login API(HTTP Request)",
    "sampleCount" : 1,
    "errorCount" : 0,
    "errorPct" : 0.0,
    "meanResTime" : 1403.0,
    "medianResTime" : 1403.0,
    "minResTime" : 1403.0,
    "maxResTime" : 1403.0,
    "pct1ResTime" : 1403.0,
    "pct2ResTime" : 1403.0,
    "pct3ResTime" : 1403.0,
    "throughput" : 0.7127583749109052,
    "receivedKBytesPerSec" : 3.239431129722024,
    "sentKBytesPerSec" : 0.20046329294369208
  },
  "Total" : {
    "transaction" : "Total",
    "sampleCount" : 30,
    "errorCount" : 26,
    "errorPct" : 86.666664,
    "meanResTime" : 4473.566666666666,
    "medianResTime" : 1430.5,
    "minResTime" : 182.0,
    "maxResTime" : 55199.0,
    "pct1ResTime" : 11578.000000000002,
    "pct2ResTime" : 37873.449999999975,
    "pct3ResTime" : 55199.0,
    "throughput" : 0.0029968266602494616,
    "receivedKBytesPerSec" : 0.001934279915996951,
    "sentKBytesPerSec" : 3.571413542699635E-4
  },
  "Open HTTPBin" : {
    "transaction" : "Open HTTPBin",
    "sampleCount" : 28,
    "errorCount" : 26,
    "errorPct" : 92.85714,
    "meanResTime" : 4736.499999999999,
    "medianResTime" : 1515.5,
    "minResTime" : 729.0,
    "maxResTime" : 55199.0,
    "pct1ResTime" : 12842.200000000017,
    "pct2ResTime" : 41023.549999999916,
    "pct3ResTime" : 55199.0,
    "throughput" : 0.00309086593920929,
    "receivedKBytesPerSec" : 0.0010251860728892421,
    "sentKBytesPerSec" : 3.380634621010161E-4
  }
}