{
  "Dashboard API(HTTP Request)" : {
    "transaction" : "Dashboard API(HTTP Request)",
    "sampleCount" : 1,
    "errorCount" : 0,
    "errorPct" : 0.0,
    "meanResTime" : 182.0,
    "medianResTime" : 182.0,
    "minResTime" : 182.0,
    "maxResTime" : 182.0,
    "pct1ResTime" : 182.0,
    "pct2ResTime" : 182.0,
    "pct3ResTime" : 182.0,
    "throughput" : 5.4945054945054945,
    "receivedKBytesPerSec" : 30.391483516483518,
    "sentKBytesPerSec" : 1.2716775412087913
  },
  "Login API(HTTP Request)" : {
    "transaction" : "Login API(HTTP Request)",
    "sampleCount" : 1,
    "errorCount" : 0,
    "errorPct" : 0.0,
    "meanResTime" : 1403.0,
    "medianResTime" : 1403.0,
    "minResTime" : 1403.0,
    "maxResTime" : 1403.0,
    "pct1ResTime" : 1403.0,
    "pct2ResTime" : 1403.0,
    "pct3ResTime" : 1403.0,
    "throughput" : 0.7127583749109052,
    "receivedKBytesPerSec" : 3.239431129722024,
    "sentKBytesPerSec" : 0.20046329294369208
  },
  "Total" : {
    "transaction" : "Total",
    "sampleCount" : 34,
    "errorCount" : 30,
    "errorPct" : 88.23529,
    "meanResTime" : 4105.235294117646,
    "medianResTime" : 1430.5,
    "minResTime" : 182.0,
    "maxResTime" : 55199.0,
    "pct1ResTime" : 11346.0,
    "pct2ResTime" : 31573.25,
    "pct3ResTime" : 55199.0,
    "throughput" : 0.0032723599634458143,
    "receivedKBytesPerSec" : 0.0019884549456186708,
    "sentKBytesPerSec" : 3.862053966509321E-4
  },
  "Open HTTPBin" : {
    "transaction" : "Open HTTPBin",
    "sampleCount" : 32,
    "errorCount" : 30,
    "errorPct" : 93.75,
    "meanResTime" : 4312.281249999999,
    "medianResTime" : 1472.0,
    "minResTime" : 729.0,
    "maxResTime" : 55199.0,
    "pct1ResTime" : 11462.0,
    "pct2ResTime" : 34723.34999999993,
    "pct3ResTime" : 55199.0,
    "throughput" : 0.003079868200890178,
    "receivedKBytesPerSec" : 0.0010186649036025314,
    "sentKBytesPerSec" : 3.368605844723632E-4
  }
}